{
    "Ar36": {
        "error": 0.00014677690429424446, 
        "filter_outliers_dict": {
            "filter_outliers": true, 
            "iterations": 1, 
            "std_devs": 2
        }, 
        "fit": "Parabolic", 
        "value": 0.003154839096047393
    }, 
    "Ar37": {
        "error": 0.004805906561425199, 
        "filter_outliers_dict": {
            "filter_outliers": true, 
            "iterations": 1, 
            "std_devs": 2
        }, 
        "fit": "linear", 
        "value": 0.04170820269496815
    }, 
    "Ar38": {
        "error": 0.002274346474036239, 
        "filter_outliers_dict": {
            "filter_outliers": true, 
            "iterations": 1, 
            "std_devs": 2
        }, 
        "fit": "linear", 
        "value": 0.03548915914866113
    }, 
    "Ar39": {
        "error": 0.007961869079921456, 
        "filter_outliers_dict": {
            "filter_outliers": true, 
            "iterations": 1, 
            "std_devs": 2
        }, 
        "fit": "Parabolic", 
        "value": -0.016348400510897244
    }, 
    "Ar40": {
        "error": 0.006854391324602571, 
        "filter_outliers_dict": {
            "filter_outliers": true, 
            "iterations": 1, 
            "std_devs": 2
        }, 
        "fit": "Parabolic", 
        "value": 0.21117416339799916
    }, 
    "Ar41": {
        "error": 0.0034205012841651743, 
        "filter_outliers_dict": {
            "filter_outliers": true, 
            "iterations": 1, 
            "std_devs": 2
        }, 
        "fit": "linear", 
        "value": -0.06747949198574703
    }
}