{
    "Ar36": {
        "error": 0.00020061359662972342, 
        "filter_outliers_dict": {
            "filter_outliers": true, 
            "iterations": 1, 
            "std_devs": 2
        }, 
        "fit": "Parabolic", 
        "value": 0.0038575641490022285
    }, 
    "Ar37": {
        "error": 0.005500598406735481, 
        "filter_outliers_dict": {
            "filter_outliers": true, 
            "iterations": 1, 
            "std_devs": 2
        }, 
        "fit": "linear", 
        "value": 0.026436043078694335
    }, 
    "Ar38": {
        "error": 0.0021886558625810078, 
        "filter_outliers_dict": {
            "filter_outliers": true, 
            "iterations": 1, 
            "std_devs": 2
        }, 
        "fit": "linear", 
        "value": -0.023898977597505394
    }, 
    "Ar39": {
        "error": 0.010107768623809691, 
        "filter_outliers_dict": {
            "filter_outliers": true, 
            "iterations": 1, 
            "std_devs": 2
        }, 
        "fit": "Parabolic", 
        "value": -0.03771698628735557
    }, 
    "Ar40": {
        "error": 0.008007468578753925, 
        "filter_outliers_dict": {
            "filter_outliers": true, 
            "iterations": 1, 
            "std_devs": 2
        }, 
        "fit": "Parabolic", 
        "value": 0.5904428008146339
    }, 
    "Ar41": {
        "error": 0.0034242932037742498, 
        "filter_outliers_dict": {
            "filter_outliers": true, 
            "iterations": 1, 
            "std_devs": 2
        }, 
        "fit": "linear", 
        "value": -0.07953594515384974
    }
}