{
    "Ar36": {
        "error": 0.00015725266802737864, 
        "filter_outliers_dict": {
            "filter_outliers": true, 
            "iterations": 1, 
            "std_devs": 2
        }, 
        "fit": "Parabolic", 
        "value": 0.0037626322276387964
    }, 
    "Ar37": {
        "error": 0.004647727681448212, 
        "filter_outliers_dict": {
            "filter_outliers": true, 
            "iterations": 1, 
            "std_devs": 2
        }, 
        "fit": "linear", 
        "value": 0.0392227073994849
    }, 
    "Ar38": {
        "error": 0.0021016850793482184, 
        "filter_outliers_dict": {
            "filter_outliers": true, 
            "iterations": 1, 
            "std_devs": 2
        }, 
        "fit": "linear", 
        "value": -0.030628855111564428
    }, 
    "Ar39": {
        "error": 0.00853404977636855, 
        "filter_outliers_dict": {
            "filter_outliers": true, 
            "iterations": 1, 
            "std_devs": 2
        }, 
        "fit": "Parabolic", 
        "value": -0.038362509039747354
    }, 
    "Ar40": {
        "error": 0.007249402274159182, 
        "filter_outliers_dict": {
            "filter_outliers": true, 
            "iterations": 1, 
            "std_devs": 2
        }, 
        "fit": "Parabolic", 
        "value": 0.26312073641091727
    }, 
    "Ar41": {
        "error": 0.006315837858802172, 
        "filter_outliers_dict": {
            "filter_outliers": true, 
            "iterations": 1, 
            "std_devs": 2
        }, 
        "fit": "linear", 
        "value": -0.19144772133051424
    }
}