{
    "Ar36": {
        "error": 0.00013955212490725347, 
        "filter_outliers_dict": {
            "filter_outliers": true, 
            "iterations": 1, 
            "std_devs": 2
        }, 
        "fit": "Parabolic", 
        "value": 0.002687819125447956
    }, 
    "Ar37": {
        "error": 0.004625672021506177, 
        "filter_outliers_dict": {
            "filter_outliers": true, 
            "iterations": 1, 
            "std_devs": 2
        }, 
        "fit": "linear", 
        "value": 0.02926748538118214
    }, 
    "Ar38": {
        "error": 0.0020789683832557015, 
        "filter_outliers_dict": {
            "filter_outliers": true, 
            "iterations": 1, 
            "std_devs": 2
        }, 
        "fit": "linear", 
        "value": -0.0222510675181155
    }, 
    "Ar39": {
        "error": 0.007990090386407946, 
        "filter_outliers_dict": {
            "filter_outliers": true, 
            "iterations": 1, 
            "std_devs": 2
        }, 
        "fit": "Parabolic", 
        "value": -0.053543813499896495
    }, 
    "Ar40": {
        "error": 0.018514680738875175, 
        "filter_outliers_dict": {
            "filter_outliers": true, 
            "iterations": 1, 
            "std_devs": 2
        }, 
        "fit": "Parabolic", 
        "value": -0.8975649099076577
    }, 
    "PM41": {
        "error": 0.0644868491860517, 
        "filter_outliers_dict": {
            "filter_outliers": false, 
            "iterations": 1, 
            "std_devs": 2
        }, 
        "fit": "linear", 
        "value": -0.1893671806605665
    }
}