{
    "AX": {
        "error": 0.004927854087882763, 
        "filter_outliers_dict": {
            "filter_outliers": true, 
            "iterations": 1, 
            "std_devs": 2
        }, 
        "fit": "average", 
        "value": -0.065923370068228
    }, 
    "CDD": {
        "error": 4.844817144668337e-06, 
        "filter_outliers_dict": {
            "filter_outliers": true, 
            "iterations": 1, 
            "std_devs": 10
        }, 
        "fit": "average", 
        "value": 1.8608176423866143e-05
    }, 
    "H1": {
        "error": 0.010911022324722963, 
        "filter_outliers_dict": {
            "filter_outliers": true, 
            "iterations": 1, 
            "std_devs": 2
        }, 
        "fit": "average", 
        "value": -0.06794976096704614
    }, 
    "H2": {
        "error": 0.0047898538674788224, 
        "filter_outliers_dict": {
            "filter_outliers": true, 
            "iterations": 1, 
            "std_devs": 2
        }, 
        "fit": "average", 
        "value": -0.19085198037670434
    }, 
    "L1": {
        "error": 0.0019128621289019527, 
        "filter_outliers_dict": {
            "filter_outliers": true, 
            "iterations": 1, 
            "std_devs": 2
        }, 
        "fit": "average", 
        "value": -0.024760873068257517
    }, 
    "L2": {
        "error": 0.004129072041601911, 
        "filter_outliers_dict": {
            "filter_outliers": true, 
            "iterations": 1, 
            "std_devs": 2
        }, 
        "fit": "average", 
        "value": -0.02400406735249124
    }
}