{
    "AX": {
        "error": 0.004734794334699511, 
        "filter_outliers_dict": {
            "filter_outliers": true, 
            "iterations": 1, 
            "std_devs": 2
        }, 
        "fit": "average", 
        "value": -0.056610902541770154
    }, 
    "CDD": {
        "error": 6.222073869564108e-06, 
        "filter_outliers_dict": {
            "filter_outliers": true, 
            "iterations": 1, 
            "std_devs": 10
        }, 
        "fit": "average", 
        "value": 3.2635728142416284e-05
    }, 
    "H1": {
        "error": 0.003111751350162454, 
        "filter_outliers_dict": {
            "filter_outliers": true, 
            "iterations": 1, 
            "std_devs": 2
        }, 
        "fit": "average", 
        "value": 0.08049242166779136
    }, 
    "H2": {
        "error": 0.002931614945075415, 
        "filter_outliers_dict": {
            "filter_outliers": true, 
            "iterations": 1, 
            "std_devs": 2
        }, 
        "fit": "average", 
        "value": -0.05554945675178346
    }, 
    "L1": {
        "error": 0.0020563548574382274, 
        "filter_outliers_dict": {
            "filter_outliers": true, 
            "iterations": 1, 
            "std_devs": 2
        }, 
        "fit": "average", 
        "value": -0.02737720718364314
    }, 
    "L2": {
        "error": 0.004701845013770459, 
        "filter_outliers_dict": {
            "filter_outliers": true, 
            "iterations": 1, 
            "std_devs": 2
        }, 
        "fit": "average", 
        "value": -0.024770244111565948
    }
}