{
    "Ar36": {
        "error": 0.0008176142669407776, 
        "filter_outliers_dict": {
            "filter_outliers": true, 
            "iterations": 1, 
            "std_devs": 2
        }, 
        "fit": "Parabolic", 
        "value": 0.25639357950275593
    }, 
    "Ar37": {
        "error": 0.005310398789820757, 
        "filter_outliers_dict": {
            "filter_outliers": true, 
            "iterations": 1, 
            "std_devs": 2
        }, 
        "fit": "linear", 
        "value": 0.03346463452504812
    }, 
    "Ar38": {
        "error": 0.0021836668954732723, 
        "filter_outliers_dict": {
            "filter_outliers": true, 
            "iterations": 1, 
            "std_devs": 2
        }, 
        "fit": "linear", 
        "value": 0.026234533269887655
    }, 
    "Ar39": {
        "error": 0.00852435260424611, 
        "filter_outliers_dict": {
            "filter_outliers": true, 
            "iterations": 1, 
            "std_devs": 2
        }, 
        "fit": "Parabolic", 
        "value": -0.05160918321125025
    }, 
    "Ar40": {
        "error": 0.011939705466982241, 
        "filter_outliers_dict": {
            "filter_outliers": true, 
            "iterations": 1, 
            "std_devs": 2
        }, 
        "fit": "Parabolic", 
        "value": 75.96403456683981
    }, 
    "PM41": {
        "error": 0.06611796347465063, 
        "filter_outliers_dict": {
            "filter_outliers": false, 
            "iterations": 1, 
            "std_devs": 2
        }, 
        "fit": "linear", 
        "value": -0.17843537730332493
    }
}