{
    "Ar36": {
        "error": 0.0008437747640387469, 
        "filter_outliers_dict": {
            "filter_outliers": true, 
            "iterations": 1, 
            "std_devs": 2
        }, 
        "fit": "Parabolic", 
        "value": 0.2571510185679018
    }, 
    "Ar37": {
        "error": 0.004762626607179835, 
        "filter_outliers_dict": {
            "filter_outliers": true, 
            "iterations": 1, 
            "std_devs": 2
        }, 
        "fit": "linear", 
        "value": 0.04385758405911911
    }, 
    "Ar38": {
        "error": 0.0020964929874301287, 
        "filter_outliers_dict": {
            "filter_outliers": true, 
            "iterations": 1, 
            "std_devs": 2
        }, 
        "fit": "linear", 
        "value": 0.027698737089912755
    }, 
    "Ar39": {
        "error": 0.008515758570488448, 
        "filter_outliers_dict": {
            "filter_outliers": true, 
            "iterations": 1, 
            "std_devs": 2
        }, 
        "fit": "Parabolic", 
        "value": -0.02626070754123915
    }, 
    "Ar40": {
        "error": 0.025366391571770106, 
        "filter_outliers_dict": {
            "filter_outliers": true, 
            "iterations": 1, 
            "std_devs": 2
        }, 
        "fit": "Parabolic", 
        "value": 76.36735083228919
    }, 
    "PM41": {
        "error": 0.07063019787776685, 
        "filter_outliers_dict": {
            "filter_outliers": false, 
            "iterations": 1, 
            "std_devs": 2
        }, 
        "fit": "linear", 
        "value": -0.1581025763874986
    }
}