{
    "Ar36": {
        "error": 0.0007618876402042259, 
        "filter_outliers_dict": {
            "filter_outliers": true, 
            "iterations": 1, 
            "std_devs": 2
        }, 
        "fit": "Parabolic", 
        "value": 0.2140375408236661
    }, 
    "Ar37": {
        "error": 0.005012669988740809, 
        "filter_outliers_dict": {
            "filter_outliers": true, 
            "iterations": 1, 
            "std_devs": 2
        }, 
        "fit": "linear", 
        "value": 0.0482975330347247
    }, 
    "Ar38": {
        "error": 0.0021471953368170983, 
        "filter_outliers_dict": {
            "filter_outliers": true, 
            "iterations": 1, 
            "std_devs": 2
        }, 
        "fit": "linear", 
        "value": 0.013027921581320396
    }, 
    "Ar39": {
        "error": 0.008787800692746383, 
        "filter_outliers_dict": {
            "filter_outliers": true, 
            "iterations": 1, 
            "std_devs": 2
        }, 
        "fit": "Parabolic", 
        "value": -0.0044096696261149634
    }, 
    "Ar40": {
        "error": 0.012321223055938928, 
        "filter_outliers_dict": {
            "filter_outliers": true, 
            "iterations": 1, 
            "std_devs": 2
        }, 
        "fit": "Parabolic", 
        "value": 63.204967016457026
    }, 
    "Ar41": {
        "error": 0.0035862506329870335, 
        "filter_outliers_dict": {
            "filter_outliers": true, 
            "iterations": 1, 
            "std_devs": 2
        }, 
        "fit": "linear", 
        "value": -0.08255741789053614
    }
}