{
    "Ar36": {
        "error": 0.0008622905943945916, 
        "filter_outliers_dict": {
            "filter_outliers": true, 
            "iterations": 1, 
            "std_devs": 2
        }, 
        "fit": "Parabolic", 
        "value": 0.25978324660387936
    }, 
    "Ar37": {
        "error": 0.00476109150803594, 
        "filter_outliers_dict": {
            "filter_outliers": true, 
            "iterations": 1, 
            "std_devs": 2
        }, 
        "fit": "linear", 
        "value": 0.027025413802929825
    }, 
    "Ar38": {
        "error": 0.0023065273829675137, 
        "filter_outliers_dict": {
            "filter_outliers": true, 
            "iterations": 1, 
            "std_devs": 2
        }, 
        "fit": "linear", 
        "value": 0.030814763740846532
    }, 
    "Ar39": {
        "error": 0.008929068264988281, 
        "filter_outliers_dict": {
            "filter_outliers": true, 
            "iterations": 1, 
            "std_devs": 2
        }, 
        "fit": "Parabolic", 
        "value": -0.03264828261614026
    }, 
    "Ar40": {
        "error": 0.025745240929616452, 
        "filter_outliers_dict": {
            "filter_outliers": true, 
            "iterations": 1, 
            "std_devs": 2
        }, 
        "fit": "Parabolic", 
        "value": 76.04175381120692
    }, 
    "PM41": {
        "error": 0.06717103502523958, 
        "filter_outliers_dict": {
            "filter_outliers": false, 
            "iterations": 1, 
            "std_devs": 2
        }, 
        "fit": "linear", 
        "value": -0.1697629763456645
    }
}