{
    "Ar36": {
        "error": 0.0009421260509943603, 
        "filter_outliers_dict": {
            "filter_outliers": true, 
            "iterations": 1, 
            "std_devs": 2
        }, 
        "fit": "Parabolic", 
        "value": 0.2684602803427997
    }, 
    "Ar37": {
        "error": 0.005180749447934638, 
        "filter_outliers_dict": {
            "filter_outliers": true, 
            "iterations": 1, 
            "std_devs": 2
        }, 
        "fit": "linear", 
        "value": 0.03036420132938461
    }, 
    "Ar38": {
        "error": 0.0020475019199921716, 
        "filter_outliers_dict": {
            "filter_outliers": true, 
            "iterations": 1, 
            "std_devs": 2
        }, 
        "fit": "linear", 
        "value": 0.018165437170136245
    }, 
    "Ar39": {
        "error": 0.008798922177402057, 
        "filter_outliers_dict": {
            "filter_outliers": true, 
            "iterations": 1, 
            "std_devs": 2
        }, 
        "fit": "Parabolic", 
        "value": -0.04624525040689042
    }, 
    "Ar40": {
        "error": 0.013530382671733848, 
        "filter_outliers_dict": {
            "filter_outliers": true, 
            "iterations": 1, 
            "std_devs": 2
        }, 
        "fit": "Parabolic", 
        "value": 79.15843997588408
    }, 
    "PM41": {
        "error": 0.06296143756435331, 
        "filter_outliers_dict": {
            "filter_outliers": false, 
            "iterations": 1, 
            "std_devs": 2
        }, 
        "fit": "linear", 
        "value": -0.17262817891124854
    }
}