{
    "Ar36": {
        "error": 0.0008697314741493929, 
        "filter_outliers_dict": {
            "filter_outliers": true, 
            "iterations": 1, 
            "std_devs": 2
        }, 
        "fit": "Parabolic", 
        "value": 0.24831319765755358
    }, 
    "Ar37": {
        "error": 0.004945719549343943, 
        "filter_outliers_dict": {
            "filter_outliers": true, 
            "iterations": 1, 
            "std_devs": 2
        }, 
        "fit": "linear", 
        "value": 0.03700265293766609
    }, 
    "Ar38": {
        "error": 0.0021827422099597277, 
        "filter_outliers_dict": {
            "filter_outliers": true, 
            "iterations": 1, 
            "std_devs": 2
        }, 
        "fit": "linear", 
        "value": 0.027554744481115112
    }, 
    "Ar39": {
        "error": 0.008937075629818641, 
        "filter_outliers_dict": {
            "filter_outliers": true, 
            "iterations": 1, 
            "std_devs": 2
        }, 
        "fit": "Parabolic", 
        "value": -0.027712345033237724
    }, 
    "Ar40": {
        "error": 0.01229197979939936, 
        "filter_outliers_dict": {
            "filter_outliers": true, 
            "iterations": 1, 
            "std_devs": 2
        }, 
        "fit": "Parabolic", 
        "value": 73.0223001765447
    }, 
    "Ar41": {
        "error": 0.0060106556016628785, 
        "filter_outliers_dict": {
            "filter_outliers": true, 
            "iterations": 1, 
            "std_devs": 2
        }, 
        "fit": "linear", 
        "value": -0.17613203866941493
    }
}