{
    "Ar36": {
        "error": 2.8096284460214857e-05, 
        "filter_outliers_dict": {
            "filter_outliers": true, 
            "iterations": 1, 
            "std_devs": 2
        }, 
        "fit": "Parabolic", 
        "value": 0.00023062788268026922
    }, 
    "Ar37": {
        "error": 0.004916039509116135, 
        "filter_outliers_dict": {
            "filter_outliers": true, 
            "iterations": 1, 
            "std_devs": 2
        }, 
        "fit": "linear", 
        "value": 0.03447321206882721
    }, 
    "Ar38": {
        "error": 0.0023524215652926325, 
        "filter_outliers_dict": {
            "filter_outliers": true, 
            "iterations": 1, 
            "std_devs": 2
        }, 
        "fit": "linear", 
        "value": 0.02915718782038195
    }, 
    "Ar39": {
        "error": 0.008324288436698902, 
        "filter_outliers_dict": {
            "filter_outliers": true, 
            "iterations": 1, 
            "std_devs": 2
        }, 
        "fit": "Parabolic", 
        "value": -0.023180603126082926
    }, 
    "Ar40": {
        "error": 0.012139265648492867, 
        "filter_outliers_dict": {
            "filter_outliers": true, 
            "iterations": 1, 
            "std_devs": 2
        }, 
        "fit": "Parabolic", 
        "value": 70.50094456908273
    }, 
    "Ar41": {
        "error": 0.003539117037181434, 
        "filter_outliers_dict": {
            "filter_outliers": true, 
            "iterations": 1, 
            "std_devs": 2
        }, 
        "fit": "linear", 
        "value": -0.05509875882022028
    }
}