{
    "Ar36": {
        "error": 0.0009509779670188951, 
        "filter_outliers_dict": {
            "filter_outliers": true, 
            "iterations": 1, 
            "std_devs": 2
        }, 
        "fit": "Parabolic", 
        "value": 0.23789205029695257
    }, 
    "Ar37": {
        "error": 0.0049568379373772595, 
        "filter_outliers_dict": {
            "filter_outliers": true, 
            "iterations": 1, 
            "std_devs": 2
        }, 
        "fit": "linear", 
        "value": 0.03420934179554875
    }, 
    "Ar38": {
        "error": 0.002427939665220761, 
        "filter_outliers_dict": {
            "filter_outliers": true, 
            "iterations": 1, 
            "std_devs": 2
        }, 
        "fit": "linear", 
        "value": 0.015228929261645794
    }, 
    "Ar39": {
        "error": 0.008563934160925414, 
        "filter_outliers_dict": {
            "filter_outliers": true, 
            "iterations": 1, 
            "std_devs": 2
        }, 
        "fit": "Parabolic", 
        "value": -0.013519958454697075
    }, 
    "Ar40": {
        "error": 0.011414934985427597, 
        "filter_outliers_dict": {
            "filter_outliers": true, 
            "iterations": 1, 
            "std_devs": 2
        }, 
        "fit": "Parabolic", 
        "value": 69.92604349077531
    }, 
    "Ar41": {
        "error": 0.003453721141270059, 
        "filter_outliers_dict": {
            "filter_outliers": true, 
            "iterations": 1, 
            "std_devs": 2
        }, 
        "fit": "linear", 
        "value": -0.06312800926525206
    }
}