{
    "Ar36": {
        "error": 0.0036733001467763927, 
        "filter_outliers_dict": {
            "filter_outliers": true, 
            "iterations": 1, 
            "std_devs": 2
        }, 
        "fit": "Parabolic", 
        "value": 3.267443897011245
    }, 
    "Ar37": {
        "error": 0.00553972487864758, 
        "filter_outliers_dict": {
            "filter_outliers": true, 
            "iterations": 1, 
            "std_devs": 2
        }, 
        "fit": "linear", 
        "value": 0.03254249966991321
    }, 
    "Ar38": {
        "error": 0.00221381887767949, 
        "filter_outliers_dict": {
            "filter_outliers": true, 
            "iterations": 1, 
            "std_devs": 2
        }, 
        "fit": "linear", 
        "value": 0.5885981848713183
    }, 
    "Ar39": {
        "error": 0.009324853337189923, 
        "filter_outliers_dict": {
            "filter_outliers": true, 
            "iterations": 1, 
            "std_devs": 2
        }, 
        "fit": "Parabolic", 
        "value": -0.038599866338540456
    }, 
    "Ar40": {
        "error": 0.04785412105048095, 
        "filter_outliers_dict": {
            "filter_outliers": true, 
            "iterations": 1, 
            "std_devs": 2
        }, 
        "fit": "Parabolic", 
        "value": 964.9197163790939
    }, 
    "Ar41": {
        "error": 0.003473471259997683, 
        "filter_outliers_dict": {
            "filter_outliers": true, 
            "iterations": 1, 
            "std_devs": 2
        }, 
        "fit": "linear", 
        "value": -0.03657835179084148
    }
}