{
    "Ar36": {
        "error": 0.003855515263888436, 
        "filter_outliers_dict": {
            "filter_outliers": true, 
            "iterations": 1, 
            "std_devs": 2
        }, 
        "fit": "Parabolic", 
        "value": 3.2765403116355
    }, 
    "Ar37": {
        "error": 0.005384946133292822, 
        "filter_outliers_dict": {
            "filter_outliers": true, 
            "iterations": 1, 
            "std_devs": 2
        }, 
        "fit": "linear", 
        "value": 0.03127757482200576
    }, 
    "Ar38": {
        "error": 0.0024978541289518135, 
        "filter_outliers_dict": {
            "filter_outliers": true, 
            "iterations": 1, 
            "std_devs": 2
        }, 
        "fit": "linear", 
        "value": 0.5922446184886139
    }, 
    "Ar39": {
        "error": 0.009034468928765539, 
        "filter_outliers_dict": {
            "filter_outliers": true, 
            "iterations": 1, 
            "std_devs": 2
        }, 
        "fit": "Parabolic", 
        "value": -0.03266072582898556
    }, 
    "Ar40": {
        "error": 0.04761995273776764, 
        "filter_outliers_dict": {
            "filter_outliers": true, 
            "iterations": 1, 
            "std_devs": 2
        }, 
        "fit": "Parabolic", 
        "value": 974.5557307872107
    }, 
    "Ar41": {
        "error": 0.0036605957673984902, 
        "filter_outliers_dict": {
            "filter_outliers": true, 
            "iterations": 1, 
            "std_devs": 2
        }, 
        "fit": "linear", 
        "value": -0.025415185210341085
    }
}