{
    "Ar36": {
        "error": 0.000792686572791313, 
        "filter_outliers_dict": {
            "filter_outliers": true, 
            "iterations": 1, 
            "std_devs": 2
        }, 
        "fit": "Parabolic", 
        "value": 0.2163550976942079
    }, 
    "Ar37": {
        "error": 0.0049797905815758955, 
        "filter_outliers_dict": {
            "filter_outliers": true, 
            "iterations": 1, 
            "std_devs": 2
        }, 
        "fit": "linear", 
        "value": 0.03333506158417157
    }, 
    "Ar38": {
        "error": 0.0022777418438375387, 
        "filter_outliers_dict": {
            "filter_outliers": true, 
            "iterations": 1, 
            "std_devs": 2
        }, 
        "fit": "linear", 
        "value": 0.02086783675897399
    }, 
    "Ar39": {
        "error": 0.009176040259769463, 
        "filter_outliers_dict": {
            "filter_outliers": true, 
            "iterations": 1, 
            "std_devs": 2
        }, 
        "fit": "Parabolic", 
        "value": -0.014075247601598902
    }, 
    "Ar40": {
        "error": 0.011617414921466968, 
        "filter_outliers_dict": {
            "filter_outliers": true, 
            "iterations": 1, 
            "std_devs": 2
        }, 
        "fit": "Parabolic", 
        "value": 63.61177665170874
    }, 
    "Ar41": {
        "error": 0.003317707967510172, 
        "filter_outliers_dict": {
            "filter_outliers": true, 
            "iterations": 1, 
            "std_devs": 2
        }, 
        "fit": "linear", 
        "value": -0.08047667993312979
    }
}