{
    "Ar36": {
        "error": 0.0009181632060990415, 
        "filter_outliers_dict": {
            "filter_outliers": true, 
            "iterations": 1, 
            "std_devs": 2
        }, 
        "fit": "Parabolic", 
        "value": 0.25091656621834924
    }, 
    "Ar37": {
        "error": 0.004938440560609136, 
        "filter_outliers_dict": {
            "filter_outliers": true, 
            "iterations": 1, 
            "std_devs": 2
        }, 
        "fit": "linear", 
        "value": 0.03623047085461638
    }, 
    "Ar38": {
        "error": 0.0022129234201905133, 
        "filter_outliers_dict": {
            "filter_outliers": true, 
            "iterations": 1, 
            "std_devs": 2
        }, 
        "fit": "linear", 
        "value": 0.031674548259950294
    }, 
    "Ar39": {
        "error": 0.00919988917737021, 
        "filter_outliers_dict": {
            "filter_outliers": true, 
            "iterations": 1, 
            "std_devs": 2
        }, 
        "fit": "Parabolic", 
        "value": -0.03351727817748294
    }, 
    "Ar40": {
        "error": 0.011997557054049816, 
        "filter_outliers_dict": {
            "filter_outliers": true, 
            "iterations": 1, 
            "std_devs": 2
        }, 
        "fit": "Parabolic", 
        "value": 72.26110202787135
    }, 
    "Ar41": {
        "error": 0.003265243151195147, 
        "filter_outliers_dict": {
            "filter_outliers": true, 
            "iterations": 1, 
            "std_devs": 2
        }, 
        "fit": "linear", 
        "value": -0.0185397203127792
    }
}