{
    "Ar36": {
        "error": 0.0007813953403654842, 
        "filter_outliers_dict": {
            "filter_outliers": true, 
            "iterations": 1, 
            "std_devs": 2
        }, 
        "fit": "Parabolic", 
        "value": 0.20717106818773345
    }, 
    "Ar37": {
        "error": 0.00470815936525222, 
        "filter_outliers_dict": {
            "filter_outliers": true, 
            "iterations": 1, 
            "std_devs": 2
        }, 
        "fit": "linear", 
        "value": 0.044436094196681555
    }, 
    "Ar38": {
        "error": 0.0022072022847172443, 
        "filter_outliers_dict": {
            "filter_outliers": true, 
            "iterations": 1, 
            "std_devs": 2
        }, 
        "fit": "linear", 
        "value": 0.010707937164976717
    }, 
    "Ar39": {
        "error": 0.008691123308458101, 
        "filter_outliers_dict": {
            "filter_outliers": true, 
            "iterations": 1, 
            "std_devs": 2
        }, 
        "fit": "Parabolic", 
        "value": 0.1318888212695541
    }, 
    "Ar40": {
        "error": 0.011981671050539624, 
        "filter_outliers_dict": {
            "filter_outliers": true, 
            "iterations": 1, 
            "std_devs": 2
        }, 
        "fit": "Parabolic", 
        "value": 61.36848754325227
    }, 
    "Ar41": {
        "error": 0.0032059670296973103, 
        "filter_outliers_dict": {
            "filter_outliers": true, 
            "iterations": 1, 
            "std_devs": 2
        }, 
        "fit": "linear", 
        "value": -0.06412664609397528
    }
}